gene	variant_aa	variant_nt	rank	MAFavg	variable	value
BRRF2	K392Q	A95187C	1	0.6515494505	MAF_aou	0.602
BRRF2	D463A	A95401C	2	0.6053735485	MAF_aou	0.510978044
BLLF2	H8R	T77703C	3	0.5156354395	MAF_aou	0.466522678
BSLF1	A3T	C74587T	4	0.4749284145	MAF_aou	0.358674464
BSLF1	M290V	T73726C	5	0.467795556	MAF_aou	0.429097606
BLLF3	S253G	T75430C	6	0.456206235	MAF_aou	0.456692913
BALF3	T23A	T160842C	7	0.45465521	MAF_aou	0.404805915
BFRF2	G40E	G47638A	8	0.452869711	MAF_aou	0.38961039
BFRF2	Q34P	A47620C	9	0.441548307	MAF_aou	0.371268657
BRLF1	S542N	C91271T	10	0.4302493305	MAF_aou	0.391304348
BFLF1	L250Q	A45489T	11	0.411067935	MAF_aou	0.31316726
BALF4	T444A	T157535C	12	0.410176991	MAF_aou	0.455752212
BSLF1	A511P	C73063G	13	0.4063639465	MAF_aou	0.347079038
BFRF2	V130F	G47907T	14	0.400909706	MAF_aou	0.344554455
BALF3	G317R	C159960G	15	0.368967469	MAF_aou	0.367816092
BDLF3	I73L	T118562G	16	0.3111537365	MAF_aou	0.220560748
BXLF2	V197I	C130159T	17	0.301344382	MAF_aou	0.21703854
BSLF1	A245T	C73861T	18	0.2998174995	MAF_aou	0.190317195
BcRF1	R548Q	G126819A	19	0.2988141205	MAF_aou	0.198979592
BDLF3	A209T	C118154T	20	0.2930094585	MAF_aou	0.201596806
BcRF1	Q569R	A126882G	21	0.292285343	MAF_aou	0.227586207
BDLF3	T136A	T118373C	22	0.275750395	MAF_aou	0.184834123
BXRF1	Y87S	A132830C	23	0.259829854	MAF_aou	0.154275093
BSLF1	H77R	T74364C	24	0.223186833	MAF_aou	0.18245614
BGLF5	S438N	C108741T	25	0.20221169	MAF_aou	0.333333333
BBLF1	A42V	G108562A	26	0.0983761245	MAF_aou	0.020408163
BRRF2	E395G	G95196C	27	0.085978394	MAF_aou	0.142276423
BALF2	I613V	T162476C	28	0.025256196	MAF_aou	0.033158813
RPMS1	D51N	G155391A	29	0.0044408635	MAF_aou	0.006932409
BNRF1	P694H	C3816A	30	0.001	MAF_aou	0
BALF2	V317M	C163364T	31	0.0008992805	MAF_aou	0
BRRF2	K392Q	A95187C	1	0.6515494505	MAF_ukb	0.701098901
BRRF2	D463A	A95401C	2	0.6053735485	MAF_ukb	0.699769053
BLLF2	H8R	T77703C	3	0.5156354395	MAF_ukb	0.564748201
BSLF1	A3T	C74587T	4	0.4749284145	MAF_ukb	0.591182365
BSLF1	M290V	T73726C	5	0.467795556	MAF_ukb	0.506493506
BLLF3	S253G	T75430C	6	0.456206235	MAF_ukb	0.455719557
BALF3	T23A	T160842C	7	0.45465521	MAF_ukb	0.504504505
BFRF2	G40E	G47638A	8	0.452869711	MAF_ukb	0.516129032
BFRF2	Q34P	A47620C	9	0.441548307	MAF_ukb	0.511827957
BRLF1	S542N	C91271T	10	0.4302493305	MAF_ukb	0.469194313
BFLF1	L250Q	A45489T	11	0.411067935	MAF_ukb	0.50896861
BALF4	T444A	T157535C	12	0.410176991	MAF_ukb	0.36460177
BSLF1	A511P	C73063G	13	0.4063639465	MAF_ukb	0.465648855
BFRF2	V130F	G47907T	14	0.400909706	MAF_ukb	0.457264957
BALF3	G317R	C159960G	15	0.368967469	MAF_ukb	0.370118846
BDLF3	I73L	T118562G	16	0.3111537365	MAF_ukb	0.401746725
BXLF2	V197I	C130159T	17	0.301344382	MAF_ukb	0.385650224
BSLF1	A245T	C73861T	18	0.2998174995	MAF_ukb	0.409317804
BcRF1	R548Q	G126819A	19	0.2988141205	MAF_ukb	0.398648649
BDLF3	A209T	C118154T	20	0.2930094585	MAF_ukb	0.384422111
BcRF1	Q569R	A126882G	21	0.292285343	MAF_ukb	0.356984479
BDLF3	T136A	T118373C	22	0.275750395	MAF_ukb	0.366666667
BXRF1	Y87S	A132830C	23	0.259829854	MAF_ukb	0.365384615
BSLF1	H77R	T74364C	24	0.223186833	MAF_ukb	0.263917526
BGLF5	S438N	C108741T	25	0.20221169	MAF_ukb	0.071090047
BBLF1	A42V	G108562A	26	0.0983761245	MAF_ukb	0.176344086
BRRF2	E395G	G95196C	27	0.085978394	MAF_ukb	0.029680365
BALF2	I613V	T162476C	28	0.025256196	MAF_ukb	0.017353579
RPMS1	D51N	G155391A	29	0.0044408635	MAF_ukb	0.001949318
BNRF1	P694H	C3816A	30	0.001	MAF_ukb	0.002
BALF2	V317M	C163364T	31	0.0008992805	MAF_ukb	0.001798561
